source_id,source_label,net,role,note,reason,suggested_target
ae_edgegroup,UAE — EDGE Group,EDGE Group,parent conglomerate (~25 entities),"the UAE’s EDGE Group — including NIMR (land), ADSB (naval) and HALCON (guided weapons)",net resolved to itself (parent node is this node),
aerospace,The Aerospace Corporation,US Federally Funded R&D Center,,an independent institution sponsored by a US federal agency (FFRDC),net did not resolve to a node (category or absent parent),
bae,BAE Systems,BAE Systems,UK parent,"the BAE Systems group, including Hägglunds and Bofors in Sweden and BAE Systems Australia",net resolved to itself (parent node is this node),
c_hvmc,High Value Manufacturing Catapult (HVMC),UK,Catapult,"an independent innovation centre in the UK Catapult Network, overseen by Innovate UK",net did not resolve to a node (category or absent parent),
coe_cbrn,Joint CBRN Defence CoE,NATO-accredited,Centre of Excellence,"a nationally-funded independent institution accredited by NATO, not part of the command structure",net did not resolve to a node (category or absent parent),
coe_ccdcoe,Cooperative Cyber Defence CoE (CCDCOE),NATO-accredited,Centre of Excellence,"a nationally-funded independent institution accredited by NATO, not part of the command structure",net did not resolve to a node (category or absent parent),
coe_ccoe,Civil-Military Cooperation CoE (CCOE),NATO-accredited,Centre of Excellence,"a nationally-funded independent institution accredited by NATO, not part of the command structure",net did not resolve to a node (category or absent parent),
coe_cied,Counter-IED CoE (C-IED),NATO-accredited,Centre of Excellence,"a nationally-funded independent institution accredited by NATO, not part of the command structure",net did not resolve to a node (category or absent parent),
coe_climate,Climate Change & Security CoE,NATO-accredited,Centre of Excellence,"a nationally-funded independent institution accredited by NATO, not part of the command structure",net did not resolve to a node (category or absent parent),
coe_csw,Confined & Shallow Waters CoE (CSW),NATO-accredited,Centre of Excellence,"a nationally-funded independent institution accredited by NATO, not part of the command structure",net did not resolve to a node (category or absent parent),
coe_cwo,Cold Weather Operations CoE,NATO-accredited,Centre of Excellence,"a nationally-funded independent institution accredited by NATO, not part of the command structure",net did not resolve to a node (category or absent parent),
coe_dat,Defence Against Terrorism CoE (DAT),NATO-accredited,Centre of Excellence,"a nationally-funded independent institution accredited by NATO, not part of the command structure",net did not resolve to a node (category or absent parent),
coe_ensec,Energy Security CoE (ENSEC),NATO-accredited,Centre of Excellence,"a nationally-funded independent institution accredited by NATO, not part of the command structure",net did not resolve to a node (category or absent parent),
coe_eod,Explosive Ordnance Disposal CoE (EOD),NATO-accredited,Centre of Excellence,"a nationally-funded independent institution accredited by NATO, not part of the command structure",net did not resolve to a node (category or absent parent),
coe_iamd,Integrated Air & Missile Defence CoE,NATO-accredited,Centre of Excellence,"a nationally-funded independent institution accredited by NATO, not part of the command structure",net did not resolve to a node (category or absent parent),
coe_japcc,Joint Air Power Competence Centre (JAPCC),NATO-accredited,Centre of Excellence,"a nationally-funded independent institution accredited by NATO, not part of the command structure",net did not resolve to a node (category or absent parent),
coe_marsec,Maritime Security CoE (MARSEC),NATO-accredited,Centre of Excellence,"a nationally-funded independent institution accredited by NATO, not part of the command structure",net did not resolve to a node (category or absent parent),
coe_mileng,Military Engineering CoE (MILENG),NATO-accredited,Centre of Excellence,"a nationally-funded independent institution accredited by NATO, not part of the command structure",net did not resolve to a node (category or absent parent),
coe_milmed,Military Medicine CoE (MILMED),NATO-accredited,Centre of Excellence,"a nationally-funded independent institution accredited by NATO, not part of the command structure",net did not resolve to a node (category or absent parent),
coe_ms,Modelling & Simulation CoE (M&S),NATO-accredited,Centre of Excellence,"a nationally-funded independent institution accredited by NATO, not part of the command structure",net did not resolve to a node (category or absent parent),
coe_mw,Mountain Warfare CoE,NATO-accredited,Centre of Excellence,"a nationally-funded independent institution accredited by NATO, not part of the command structure",net did not resolve to a node (category or absent parent),
coe_nmw,Naval Mine Warfare CoE,NATO-accredited,Centre of Excellence,"a nationally-funded independent institution accredited by NATO, not part of the command structure",net did not resolve to a node (category or absent parent),
coe_space,Space CoE,NATO-accredited,Centre of Excellence,"a nationally-funded independent institution accredited by NATO, not part of the command structure",net did not resolve to a node (category or absent parent),
coe_stratcom,Strategic Communications CoE,NATO-accredited,Centre of Excellence,"a nationally-funded independent institution accredited by NATO, not part of the command structure",net did not resolve to a node (category or absent parent),
cpc,Connected Places Catapult,UK,Catapult,"an independent innovation centre in the UK Catapult Network, overseen by Innovate UK",net did not resolve to a node (category or absent parent),
csac,Compound Semiconductor Applications Catapult,UK,Catapult,"an independent innovation centre in the UK Catapult Network, overseen by Innovate UK",net did not resolve to a node (category or absent parent),
cz_csg,Czechia — Czechoslovak Group (CSG),Czechoslovak Group (CSG),Czech parent,"the CSG group, spanning Czech and Slovak ammunition and vehicle companies",net resolved to itself (parent node is this node),
de_fraunhofer,Fraunhofer VVS (defence institutes),Fraunhofer,defence institutes,"independent institutes within the Fraunhofer-Gesellschaft, Europe’s largest applied-research organisation",net did not resolve to a node (category or absent parent),
de_tkms,thyssenkrupp Marine Systems (TKMS),German naval champion,submarines & surface ships,thyssenkrupp Marine Systems — Germany's submarine and naval-ship builder,net did not resolve to a node (category or absent parent),
digicat,Digital Catapult,UK,Catapult,"an independent innovation centre in the UK Catapult Network, overseen by Innovate UK",net did not resolve to a node (category or absent parent),
es_navantia,Spain — Navantia,Spanish national champion,state naval prime,Spain's state-owned naval shipbuilder,net did not resolve to a node (category or absent parent),
fi_nammo,Finland — Nammo (Finnish stake),Nammo,Finnish operations,"the Nordic ammunition group, jointly owned by Norway and Patria/Finland",net did not resolve to a node (category or absent parent),
fi_patria,Finland — Patria,Finnish national champion,land systems & support,Finland's state-majority-owned defence prime; co-owns Nammo with Norway,net did not resolve to a node (category or absent parent),
fr_isl,ISL — French-German Research Institute of Saint-Louis,Franco-German,joint institute,run by France (AID/DGA) & Germany (BAAINBw),net did not resolve to a node (category or absent parent),
fr_naval,Naval Group,Naviris (with Fincantieri),French naval prime,France's state-controlled naval prime; co-owns the Naviris JV with Italy's Fincantieri,net did not resolve to a node (category or absent parent),
ida,Institute for Defense Analyses (IDA),US Federally Funded R&D Center,,an independent institution sponsored by a US federal agency (FFRDC),net did not resolve to a node (category or absent parent),
il_elbit,Elbit Systems,Israeli primes,largest private prime,"Israel's largest private defence company, with the state-owned IAI and Rafael",net did not resolve to a node (category or absent parent),
il_iai,Israel Aerospace Industries (IAI),Israeli primes,state-owned aerospace,one of Israel's three major primes with Rafael and Elbit; parent of Greece's Intracom Defense,net did not resolve to a node (category or absent parent),
il_rafael,Rafael,Israeli primes,state-owned missiles & systems,"one of Israel's three major primes, with IAI and Elbit",net did not resolve to a node (category or absent parent),
in_bharatforgekalyanistra,India — Bharat Forge / Kalyani Strategic Systems,Kalyani Group,defence arm,"the defence arm of Bharat Forge, with the Kalyani-Rafael (KRAS) missile joint venture",net resolved to itself (parent node is this node),
in_brahmosaerospace,India — BrahMos Aerospace,India–Russia joint venture,,a JV between India’s DRDO and Russia’s NPO Mashinostroyeniya producing the BrahMos missile,net did not resolve to a node (category or absent parent),
it_fincantieri,Fincantieri,Naviris (with Naval Group),Italian shipbuilder,Italy's state-controlled shipbuilder; co-owns the Naviris JV with France's Naval Group,net did not resolve to a node (category or absent parent),
jhuapl,Johns Hopkins Applied Physics Laboratory (APL),US University-Affiliated Research Center,,an independent university research center sponsored by the US DoD (UARC),net did not resolve to a node (category or absent parent),
kmw,KNDS (KMW + Nexter),KNDS,KMW + Nexter,"the Franco-German KNDS group, formed from Nexter (France) and Krauss-Maffei Wegmann (Germany)",net resolved to itself (parent node is this node),
kr_hanwha,Hanwha Aerospace,Hanwha Group,Aerospace,"the Korean Hanwha group — Aerospace, Ocean and Systems",net did not resolve to a node (category or absent parent),
kr_hanwhaocean,Hanwha Ocean,Hanwha Group,Ocean (shipbuilding),"the Korean Hanwha group — Aerospace, Ocean and Systems",net did not resolve to a node (category or absent parent),
kr_hanwhasystems,Hanwha Systems,Hanwha Group,Systems (electronics),"the Korean Hanwha group — Aerospace, Ocean and Systems",net did not resolve to a node (category or absent parent),
kr_hyundaihi,HD Hyundai Heavy Industries,Hyundai (defence),HD Hyundai Heavy Industries (naval),"Hyundai’s defence-active companies — Rotem, HD Hyundai Heavy Industries and WIA",net did not resolve to a node (category or absent parent),
kr_rotem,Hyundai Rotem,Hyundai (defence),Hyundai Rotem (land/rail),"Hyundai’s defence-active companies — Rotem, HD Hyundai Heavy Industries and WIA",net did not resolve to a node (category or absent parent),
kr_wia,Hyundai WIA,Hyundai (defence),Hyundai WIA (artillery),"Hyundai’s defence-active companies — Rotem, HD Hyundai Heavy Industries and WIA",net did not resolve to a node (category or absent parent),
leonardo,Leonardo UK,Leonardo,UK arm,"the Leonardo group, with major arms in Italy, the UK and the US (Leonardo DRS)",net resolved to itself (parent node is this node),
lincoln,MIT Lincoln Laboratory,US Federally Funded R&D Center,,an independent institution sponsored by a US federal agency (FFRDC),net did not resolve to a node (category or absent parent),
mbda,MBDA (UK),MBDA,UK arm,"the European missile group, with national arms in France, the UK, Germany and Italy",net resolved to itself (parent node is this node),
mitre,MITRE,US Federally Funded R&D Center,,an independent institution sponsored by a US federal agency (FFRDC),net did not resolve to a node (category or absent parent),
nl_damen,Damen Naval,Damen Shipyards Group,naval arm,the naval division of the Dutch family-owned Damen Shipyards Group,net did not resolve to a node (category or absent parent),
no_kongsberg,Norway — Kongsberg Defence & Aerospace,Kongsberg Gruppen,Defence & Aerospace (KDA),"the Norwegian Kongsberg group — Defence & Aerospace, Maritime and Satellite Services (KSAT)",net did not resolve to a node (category or absent parent),
no_kongsbergmaritime,Norway — Kongsberg Maritime,Kongsberg Gruppen,Maritime,"the Norwegian Kongsberg group — Defence & Aerospace, Maritime and Satellite Services (KSAT)",net did not resolve to a node (category or absent parent),
no_kongsbergsatelliteserv,Norway — Kongsberg Satellite Services (KSAT),Kongsberg Gruppen,Satellite Services (KSAT),"the Norwegian Kongsberg group — Defence & Aerospace, Maritime and Satellite Services (KSAT)",net did not resolve to a node (category or absent parent),
no_nammo,Norway — Nammo,Nammo,Norwegian operations,"the Nordic ammunition group, jointly owned by Norway and Patria/Finland",net did not resolve to a node (category or absent parent),
pl_pgz,Poland — PGZ (Polska Grupa Zbrojeniowa),Polish national champion,state defence group,"Poland's PGZ state defence holding, uniting 50+ companies including the naval shipyard",net did not resolve to a node (category or absent parent),
sa_advancedelectronicscom,Saudi Arabia — Advanced Electronics Company (SAMI-AEC),SAMI (Saudi Arabian Military Industries),defence electronics (SAMI-AEC),"the Saudi SAMI group, including its Advanced Electronics Company (SAMI-AEC)",net did not resolve to a node (category or absent parent),
sa_saudiarabianmilitaryin,Saudi Arabia — Saudi Arabian Military Industries (SAMI),SAMI (Saudi Arabian Military Industries),parent (PIF-owned),"the Saudi SAMI group, including its Advanced Electronics Company (SAMI-AEC)",net did not resolve to a node (category or absent parent),
sandia,Sandia National Laboratories (SNL),US Federally Funded R&D Center,,an independent institution sponsored by a US federal agency (FFRDC),net did not resolve to a node (category or absent parent),
satcat,Satellite Applications Catapult,UK,Catapult,"an independent innovation centre in the UK Catapult Network, overseen by Innovate UK",net did not resolve to a node (category or absent parent),
thales,Thales UK,Thales Group,UK arm,"sister companies operate in France, the UK, the Netherlands, Belgium, Portugal and Australia",net resolved to itself (parent node is this node),
us_draper,Draper Laboratory,Independent research laboratory,,a not-for-profit lab serving US government sponsors,net did not resolve to a node (category or absent parent),
us_gtri,Georgia Tech Research Institute (GTRI),US University-Affiliated Research Center,,an independent university research center sponsored by the US DoD (UARC),net did not resolve to a node (category or absent parent),
us_sei,"Software Engineering Institute (SEI, CMU)",US Federally Funded R&D Center,,an independent institution sponsored by a US federal agency (FFRDC),net did not resolve to a node (category or absent parent),
